Model Rank,Activation,Batch Size,Epochs,Train MSE (recalculated),Train RMSE (recalculated),Validation MSE (recalculated),Validation RMSE (recalculated),Test MSE (recalculated),Test RMSE (recalculated)
1,relu,4,50,0.005753753844637178,0.07585350252056379,0.006848762565442269,0.0827572508330374,0.00800674114895657,0.0894803953330369
2,relu,4,100,0.005693267272016115,0.075453742597807,0.006894185814853623,0.0830312339716424,0.007889033369729627,0.08882023063317065
3,relu,16,50,0.005785705051951216,0.07606382222812115,0.006914708087848393,0.08315472378553364,0.008006238610007096,0.08947758719370508
4,relu,4,20,0.005914895337930565,0.07690835674964434,0.006956089897669288,0.08340317678403676,0.008161148469121067,0.09033907498486503
5,relu,32,50,0.005792800731147191,0.07611045086679746,0.0069848424787492085,0.0835753700485329,0.008072709241865232,0.0898482567547375
